Player,Rank1
Alejandro Davidovich Fokina,31
Alexander Bublik,26
Alexander Zverev,7
Andrey Rublev,5
Carlos Alcaraz,2
Christopher Eubanks,34
Daniel Elahi Galan,93
Daniil Medvedev,3
Denis Shapovalov,109
Frances Tiafoe,16
Grigor Dimitrov,14
Guido Pella,192
Hubert Hurkacz,9
Jannik Sinner,4
Jiri Lehecka,31
Laslo Djere,33
Lorenzo Musetti,27
Roman Safiullin,39
Stan Wawrinka,49
Holger Rune,4
Maximilian Marterer,91
Matteo Berrettini,92
David Goffin,111
Novak Djokovic,1
Nicolas Jarry,19
Christopher O'Connell,68
Stefanos Tsitsipas,6
Mikael Ymer,136
Marton Fucsovics,59
Liam Broady,108
Quentin Halys,100
Tommy Paul,13
